{
  "timestamp": "20250623_213116",
  "model_comparison": {
    "Random Forest": {
      "accuracy": 1.0,
      "class_performance": {
        "3.0-3.4": {
          "precision": 1.0,
          "recall": 1.0,
          "f1_score": 1.0
        },
        "3.5-3.9": {
          "precision": 1.0,
          "recall": 1.0,
          "f1_score": 1.0
        },
        "4.0-4.4": {
          "precision": 1.0,
          "recall": 1.0,
          "f1_score": 1.0
        },
        "4.5-4.9": {
          "precision": 1.0,
          "recall": 1.0,
          "f1_score": 1.0
        },
        "5.0-5.4": {
          "precision": 1.0,
          "recall": 1.0,
          "f1_score": 1.0
        },
        "5.5+": {
          "precision": 1.0,
          "recall": 1.0,
          "f1_score": 1.0
        }
      }
    },
    "Gradient Boosting": {
      "accuracy": 1.0,
      "class_performance": {
        "3.0-3.4": {
          "precision": 1.0,
          "recall": 1.0,
          "f1_score": 1.0
        },
        "3.5-3.9": {
          "precision": 1.0,
          "recall": 1.0,
          "f1_score": 1.0
        },
        "4.0-4.4": {
          "precision": 1.0,
          "recall": 1.0,
          "f1_score": 1.0
        },
        "4.5-4.9": {
          "precision": 1.0,
          "recall": 1.0,
          "f1_score": 1.0
        },
        "5.0-5.4": {
          "precision": 1.0,
          "recall": 1.0,
          "f1_score": 1.0
        },
        "5.5+": {
          "precision": 1.0,
          "recall": 1.0,
          "f1_score": 1.0
        }
      }
    },
    "Logistic Regression": {
      "accuracy": 0.8130434782608695,
      "class_performance": {
        "3.0-3.4": {
          "precision": 0.7777777777777778,
          "recall": 0.875,
          "f1_score": 0.823529411764706
        },
        "3.5-3.9": {
          "precision": 0.7674418604651163,
          "recall": 0.75,
          "f1_score": 0.7586206896551724
        },
        "4.0-4.4": {
          "precision": 0.6521739130434783,
          "recall": 0.7692307692307693,
          "f1_score": 0.7058823529411764
        },
        "4.5-4.9": {
          "precision": 0.8611111111111112,
          "recall": 0.6595744680851063,
          "f1_score": 0.7469879518072289
        },
        "5.0-5.4": {
          "precision": 0.9111111111111111,
          "recall": 0.9111111111111111,
          "f1_score": 0.9111111111111111
        },
        "5.5+": {
          "precision": 0.9393939393939394,
          "recall": 1.0,
          "f1_score": 0.96875
        }
      }
    },
    "SVM": {
      "accuracy": 0.8130434782608695,
      "class_performance": {
        "3.0-3.4": {
          "precision": 0.8571428571428571,
          "recall": 0.75,
          "f1_score": 0.7999999999999999
        },
        "3.5-3.9": {
          "precision": 0.7954545454545454,
          "recall": 0.7954545454545454,
          "f1_score": 0.7954545454545455
        },
        "4.0-4.4": {
          "precision": 0.813953488372093,
          "recall": 0.8974358974358975,
          "f1_score": 0.8536585365853658
        },
        "4.5-4.9": {
          "precision": 0.9090909090909091,
          "recall": 0.851063829787234,
          "f1_score": 0.8791208791208791
        },
        "5.0-5.4": {
          "precision": 0.7446808510638298,
          "recall": 0.7777777777777778,
          "f1_score": 0.7608695652173912
        },
        "5.5+": {
          "precision": 0.7741935483870968,
          "recall": 0.7741935483870968,
          "f1_score": 0.7741935483870968
        }
      }
    }
  },
  "best_model": {
    "name": "Random Forest",
    "accuracy": 1.0,
    "feature_count": 20
  }
}